website,emails
https://www.ottawapropertyshoprealty.com/,No emails found
http://www.pilongroup.com/,Info@PilonGroup.com
https://ottawarealtyman.com/,No emails found
http://www.avenuenorth.ca/,info@avenuenorth.ca
https://bennettpros.com/,No emails found
http://www.andyandpaddy.com/,No emails found
http://www.shaunnamcintosh.ca/,shaunnamcintosh@royallepage.ca
https://www.rachelhammer.com/,info@rachelhammer.com
http://feelyrealestate.com/,No emails found
http://trurealty.ca/,Admin@TRURealty.ca
http://chowdhuryrealestate.com/,No emails found
https://annaalemi.com/,"AnnaAlemi@AnnaAlemi.com, Anna@annaalemi.com"
https://www.yourhomeinottawa.ca/,No emails found
https://www.thetulipteam.com/,No emails found
http://www.bobfraser.com/,No emails found
https://andradefordeteam.ca/,No emails found
http://thewestteam.ca/,No emails found
http://www.ronyrizk.com/,No emails found
https://dianeandjen.com/,No emails found
http://walkerottawa.com/,home@walkerottawa.com
https://www.googleadservices.com/pagead/aclk?sa=L&ai=DChcSEwjJs6at7JeMAxUzNK0GHXMEKAYYABABGgJwdg&co=1&gclid=Cj0KCQjw1um-BhDtARIsABjU5x4ix-L0MQsy-MKZa1ITFny5V4ecx2VLyfgShacvKhVpXsl09sGm4TQaAq_9EALw_wcB&ohost=www.google.com&cid=CAESVeD2bBVdrlW_i8_Vg8if25mQLBJKKKjX2tkQeM3ekk0sjncDiVRBoReyRdLR9OLQgUpAYQoQJugG-YET71-672AOYobnt_uOJxiYjV_MyTkg_c7aDrg&sig=AOD64_1Q9gtEc6wkWIXx09RZ0axaERMLIQ&adurl&q&ctype=99,No emails found
https://www.googleadservices.com/pagead/aclk?sa=L&ai=DChcSEwjJs6at7JeMAxUzNK0GHXMEKAYYABAAGgJwdg&co=1&gclid=Cj0KCQjw1um-BhDtARIsABjU5x4VoBKTjoVnd8Dv5FIXXTxgWfQQaYYlF1Kc_ZqKyWuyqY2n8HFbo1YaAj7_EALw_wcB&ohost=www.google.com&cid=CAESVeD2bBVdrlW_i8_Vg8if25mQLBJKKKjX2tkQeM3ekk0sjncDiVRBoReyRdLR9OLQgUpAYQoQJugG-YET71-672AOYobnt_uOJxiYjV_MyTkg_c7aDrg&sig=AOD64_0A8DqFaeZ37_MKqCeRIgtk7MzcQA&adurl&q&ctype=99,No emails found
http://www.ottawahouseandcondo.com/,No emails found
https://www.ottawa-homes.ca/,No emails found
http://www.saabrealty.ca/,No emails found
https://elgendygroup.com/,No emails found
http://www.chellteam.com/,mail@chellteam.com
http://www.homefluent.com/,support@ylopo.com
https://homeforsaleinottawa.com/,homes@raysmiley.com
https://gauthierhomes.com/,No emails found
http://www.ottawaurbanrealty.com/,Dan@OttawaUrbanRealty.com
http://www.completerealestatepros.com/,No emails found
https://www.annatran.com/,No emails found
http://www.cbsarazen.ca/,No emails found
http://johndonovanproperties.com/,No emails found
http://www.homesinottawa.com/,info@homesinottawa.com
http://www.districtrealty.com/,No emails found
https://uprealty.ca/,No emails found
http://www.chrissteeves.ca/,613-262-1697chris@chrissteeves.ca
https://www.googleadservices.com/pagead/aclk?sa=L&ai=DChcSEwio0YS17JeMAxUTE60GHe21It8YABAAGgJwdg&co=1&gclid=Cj0KCQjw1um-BhDtARIsABjU5x4rN7tTBlSJQB4_bTzwqY83oTOshCXCMwPGrJvB5rCw6zJD_iOe9S0aAtLKEALw_wcB&ohost=www.google.com&cid=CAESVeD2R9Ogiy1l2wu_hv4SttxbeGGW8C0v_m0L4WUJExjP8i3TgTnfd0bPFHWCQUlnXEaYjKkaGCFOuVBr9m8LaJPJRnCj3_67ZaFuQR86grmEDGAVg5A&sig=AOD64_11J5owCf45ujxAJhc_67mggDYcEw&adurl&q&ctype=99,No emails found
https://www.googleadservices.com/pagead/aclk?sa=L&ai=DChcSEwio0YS17JeMAxUTE60GHe21It8YABABGgJwdg&co=1&gclid=Cj0KCQjw1um-BhDtARIsABjU5x51YGzpZLnHCHCoH-zEKpCbQE8ed08rFKmGiePvJoKYXovRpHtaSLMaAnTLEALw_wcB&ohost=www.google.com&cid=CAESVeD2R9Ogiy1l2wu_hv4SttxbeGGW8C0v_m0L4WUJExjP8i3TgTnfd0bPFHWCQUlnXEaYjKkaGCFOuVBr9m8LaJPJRnCj3_67ZaFuQR86grmEDGAVg5A&sig=AOD64_0R3oPBI-pRgDSknJNjrddCI39_Eg&adurl&q&ctype=99,No emails found
http://www.therichardlouis.com/,Hello@therlgroup.ca
http://www.coleconnection.ca/,Info@ColeConnection.ca
https://ontario.onepercentrealty.com/agents/1464,"ontario@onepercentrealty.com, ealculumbre@gmail.com"
http://www.agentdk.com/,No emails found
http://www.facebook.com/pacourirealtor/,No emails found
http://nickwilson.royallepage.ca/,No emails found
https://www.rochstgeorges.ca/,No emails found
http://skaffrealestate.com/,info@skaffrealestate.com
http://thehomebosses.com/,"cynthia@thehomebosses.com, brad@thehomebosses.com, amanda@thehomebosses.com, stephanie@thehomebosses.com, info@thehomebosses.com"
https://www.teamrealty.ca/,No emails found
http://dawsonteam.ca/,No emails found
http://www.suttonottawa.ca/,No emails found
http://marcparenteau.com/,No emails found
http://kellyandkerry.com/,info@kellyandkerry.com
http://www.sammoussa.com/,No emails found
http://housesforsaleottawa.ca/,No emails found
https://www.lizawilson-ottawarealestate.com/,"liza@lizawilson-ottawarealestate.comHome, liza@lizawilson-ottawarealestate.comHomeAbout"
http://matvalois.com/,"Valois613-229-9981realestate@matvalois.comLuxury, realestate@matvalois.com"
